{
  "AF": 10.5625200271606,
  "AO": 10.6302900314331,
  "AL": 56.721530914306,
  "AE": 53.7160186767578,
  "AR": 99.1662673950195,
  "AM": 55.413589477539,
  "AS": 19.4813499450684,
  "AG": 24.8302593231201,
  "AU": 114.189888000488,
  "AT": 87.211387634277,
  "AZ": 38.237178802490,
  "BI": 5.951305389404,
  "BE": 80.8887481689453,
  "BJ": 11.0893602371216,
  "BF": 9.5424203872680,
  "BD": 25.101594924926,
  "BG": 75.4057998657227,
  "BH": 64.531082153320,
  "BS": 15.0581798553467,
  "BA": 39.233951568603,
  "BY": 82.238853454589,
  "BZ": 23.229770660400,
  "BM": 19.0272598266602,
  "BR": 54.5727996826172,
  "BB": 65.4253387451172,
  "BN": 31.9932994842529,
  "BT": 23.272130966186,
  "BW": 24.728389739990,
  "CF": 2.980299949646,
  "CA": 79.5169219970703,
  "CH": 65.3340911865234,
  "CL": 91.6693496704102,
  "CN": 63.601959228515,
  "CI": 9.91298961639404,
  "CM": 14.2672700881958,
  "CD": 7.00149011611938,
  "CG": 12.6668796539307,
  "CO": 54.2392883300781,
  "KM": 8.99477958679199,
  "CV": 23.6165103912354,
  "CR": 57.6748199462891,
  "CU": 53.760280609130,
  "CW": 15.902990341186,
  "KY": 25.8510608673096,
  "CY": 92.9377593994141,
  "CZ": 68.0618133544922,
  "DE": 72.9891967773438,
  "DJ": 5.34532022476196,
  "DM": 7.23360013961792,
  "DK": 82.8392868041992,
  "DO": 61.1612281799316,
  "DZ": 53.741741180419,
  "EC": 52.5878105163574,
  "EG": 38.9049491882324,
  "ER": 3.36256003379822,
  "ES": 95.9648666381836,
  "EE": 74.2319869995117,
  "ET": 10.4265699386597,
  "FI": 95.0478897094727,
  "FJ": 53.4931602478027,
  "FR": 69.3463821411133,
  "FM": 14.1179704666138,
  "GA": 21.0658702850342,
  "GB": 69.4837265014648,
  "GE": 72.537261962890,
  "GH": 18.6874504089355,
  "GN": 6.7224049568176,
  "GM": 2.72461009025574,
  "GW": 2.64324998855591,
  "GQ": 1.85288000106812,
  "GR": 150.876068115234,
  "GD": 104.561882019043,
  "GT": 22.1422004699707,
  "GY": 11.6227502822876,
  "HK": 88.442687988281,
  "HN": 25.4578990936279,
  "HR": 68.0964813232422,
  "HT": 1.05342996120453,
  "HU": 55.1555404663086,
  "ID": 36.3110389709473,
  "IN": 31.303640365600,
  "IE": 74.6803131103516,
  "IR": 58.2224884033203,
  "IQ": 16.1574192047119,
  "IS": 84.2737503051758,
  "IL": 61.0730285644531,
  "IT": 69.4652786254883,
  "JM": 27.1306095123291,
  "JO": 33.5581283569336,
  "JP": 64.6171188354492,
  "KZ": 70.6779403686523,
  "KE": 10.0383996963501,
  "KG": 53.463588714599,
  "KH": 12.983755111694,
  "KN": 86.6814880371094,
  "KR": 102.467361450195,
  "KW": 61.1338691711426,
  "LA": 12.977361679077,
  "LB": 26.2554302215576,
  "LR": 11.9225301742554,
  "LY": 60.4973602294922,
  "LC": 16.3550796508789,
  "LI": 42.5986099243164,
  "LK": 21.6123695373535,
  "LS": 10.1962604522705,
  "LT": 70.7869033813477,
  "LU": 19.198429107666,
  "LV": 94.5108337402344,
  "MO": 132.48721313476,
  "MA": 43.446208953857,
  "MD": 62.87543106079,
  "MG": 5.5272102355957,
  "MV": 34.121940612793,
  "MX": 44.8085899353027,
  "MH": 25.8227806091309,
  "MK": 43.0172882080078,
  "ML": 4.90473556518555,
  "MT": 71.4981536865234,
  "MM": 18.8159408569336,
  "ME": 55.642711639404,
  "MN": 67.696022033691,
  "MZ": 7.31255006790161,
  "MR": 5.87461996078491,
  "MU": 44.2601890563965,
  "MW": 1.72362995147705,
  "MY": 42.5672149658203,
  "NA": 27.2595996856689,
  "NE": 4.37343978881836,
  "NG": 12.1008195877075,
  "NI": 19.5601806640625,
  "NL": 92.0121765136719,
  "NO": 84.4436721801758,
  "NP": 16.77843475341,
  "NZ": 79.9078369140625,
  "OM": 47.413368225097,
  "PK": 12.2206401824951,
  "PA": 44.3828506469727,
  "PE": 70.7378616333008,
  "PH": 35.522190093994,
  "PW": 54.6894798278809,
  "PG": 1.77822005748749,
  "PL": 70.4771270751953,
  "PR": 97.4992523193359,
  "KP": 26.8349990844727,
  "PT": 70.3820877075195,
  "PY": 1.41728186607361,
  "PS": 42.67906951904,
  "QA": 25.041250228881,
  "RO": 53.2308387756348,
  "RU": 86.400146484375,
  "RW": 7.2661371231079,
  "SA": 71.409637451171,
  "SD": 16.9190101623535,
  "SN": 15.625889778137,
  "SG": 93.1347732543945,
  "SL": 1.95878005027771,
  "SV": 29.9244194030762,
  "SM": 56.703910827636,
  "SO": 2.46041011810303,
  "RS": 69.180023193359,
  "SS": 0.749819993972778,
  "ST": 18.1005401611328,
  "SR": 12.5614595413208,
  "SK": 47.6235885620117,
  "SI": 79.9208374023438,
  "SE": 84.5162200927734,
  "SZ": 6.74796009063721,
  "SX": 5.90923023223877,
  "SC": 17.297470092773,
  "SY": 43.0468788146973,
  "TC": 11.4583301544189,
  "TD": 3.25130009651184,
  "TG": 15.4000701904297,
  "TH": 43.826065063476,
  "TJ": 31.2565593719482,
  "TM": 15.6102199554443,
  "TL": 17.7537307739258,
  "TO": 18.400239944458,
  "TT": 11.9506597518921,
  "TN": 32.7560005187988,
  "TR": 117.113151550293,
  "TZ": 7.83071994781494,
  "UG": 5.06192016601563,
  "UA": 82.6711807250977,
  "UY": 67.8832092285156,
  "US": 87.5676574707031,
  "UZ": 21.248239517211,
  "VC": 8.47116184234619,
  "VE": 79.3005599975586,
  "VG": 30.164369583129,
  "VN": 35.399990081787,
  "VU": 4.74298000335693,
  "WS": 18.535730361938,
  "YE": 10.1519203186035,
  "ZA": 24.2362995147705,
  "ZM": 4.11603021621704,
  "ZW": 8.87594985961914
}
